StartDate,EndDate,Status,IPAddress,Progress,Duration (in seconds),Finished,RecordedDate,ResponseId,RecipientLastName,RecipientFirstName,RecipientEmail,ExternalReference,LocationLatitude,LocationLongitude,DistributionChannel,UserLanguage,Q8,Q1,Q2,Q3,Q4,Q5,Q9,Q10,Q11,Q12,Q13,Q14,Q15,Q16,Q17,Q19,Q45,Q20,Q21,Q22,Q23,Q24,Q25,Q27,Q28,Q29,Q30,Q31,Q33,Q35,Q36,Q37,Q38
Start Date,End Date,Response Type,IP Address,Progress,Duration (in seconds),Finished,Recorded Date,Response ID,Recipient Last Name,Recipient First Name,Recipient Email,External Data Reference,Location Latitude,Location Longitude,Distribution Channel,User Language,This survey is based on the Impact of Covid-19 on online grocery shopping. Please answer the question below to aid with our research as the survey is designed around your experience with online grocery shopping.,What is your age?,Gender,What is the highest degree or level of Education you have completed?,What is your annual household income?,What is your current Employment Status,The ease of making purchase online influenced my online shopping decision during COVID 19,The option of contactless delivery/picking up of groceries influenced my online grocery shopping decision,Online grocery shopping is more convenient for me during COVID 19,Available discount for online grocery shopping during Covid 19  influenced my decision to purchase groceries online.,I purchase groceries online due to reward points I receive,I am more sensitive to the price of the products during Covid-19,Real time product prices comparison influenced my online grocery shopping during Covid-19,Confidence in the quality of products purchased influenced my online grocery shopping decision,Online product quality reviews influenced my online grocery shopping decision,The pandemic (Covid-19) makes me to use online grocery shopping,The pandemic (Covid-19) makes me to shop grocery online more often,The fear of contracting Covid-19 introduced me to online grocery shopping,I shop more online due to the fear of contracting Covid-19,Safety is the only reason why I shop for groceries online,I feel safe using online grocery shopping,The stay at home order motivates me to shop groceries online,The government stay at home policy made me to shop for groceries online more,The pandemic (Covid-19) made me to buy more grocery online than I usually do,The fear of stores running out of groceries influenced my online grocery shopping,The feeling of uncertainty not getting the items I want influences my online buying habits,I constantly check my cart while shopping online to ensure I do not overshoot my budget,Uncertainty in my continued earnings has reduced non-essential items I would have loved to buy,Online grocery shopping is fulfilling my needs because I only buy the necessary items,Reduced store operating hours influenced my online grocery shopping,I do more online grocery shopping now due to time limitation,Online grocery shopping makes products more accessible to me,There are more products available to choose online
"{""ImportId"":""startDate"",""timeZone"":""America/Denver""}","{""ImportId"":""endDate"",""timeZone"":""America/Denver""}","{""ImportId"":""status""}","{""ImportId"":""ipAddress""}","{""ImportId"":""progress""}","{""ImportId"":""duration""}","{""ImportId"":""finished""}","{""ImportId"":""recordedDate"",""timeZone"":""America/Denver""}","{""ImportId"":""_recordId""}","{""ImportId"":""recipientLastName""}","{""ImportId"":""recipientFirstName""}","{""ImportId"":""recipientEmail""}","{""ImportId"":""externalDataReference""}","{""ImportId"":""locationLatitude""}","{""ImportId"":""locationLongitude""}","{""ImportId"":""distributionChannel""}","{""ImportId"":""userLanguage""}","{""ImportId"":""QID8""}","{""ImportId"":""QID3_TEXT""}","{""ImportId"":""QID4""}","{""ImportId"":""QID5""}","{""ImportId"":""QID6""}","{""ImportId"":""QID7""}","{""ImportId"":""QID9""}","{""ImportId"":""QID10""}","{""ImportId"":""QID11""}","{""ImportId"":""QID12""}","{""ImportId"":""QID13""}","{""ImportId"":""QID14""}","{""ImportId"":""QID15""}","{""ImportId"":""QID16""}","{""ImportId"":""QID17""}","{""ImportId"":""QID19""}","{""ImportId"":""QID45""}","{""ImportId"":""QID20""}","{""ImportId"":""QID21""}","{""ImportId"":""QID22""}","{""ImportId"":""QID23""}","{""ImportId"":""QID24""}","{""ImportId"":""QID25""}","{""ImportId"":""QID27""}","{""ImportId"":""QID28""}","{""ImportId"":""QID29""}","{""ImportId"":""QID30""}","{""ImportId"":""QID31""}","{""ImportId"":""QID33""}","{""ImportId"":""QID35""}","{""ImportId"":""QID36""}","{""ImportId"":""QID37""}","{""ImportId"":""QID38""}"
11/1/20 21:28,11/1/20 21:28,Survey Preview,,100,22,TRUE,11/1/20 21:28,R_2rBgeqmziRNvt3t,,,,,33.09280396,-96.645401,preview,EN,,,,,,,,,,,,,,,,,,,,,,,,,,,,,,,,,
11/1/20 21:32,11/1/20 21:33,Survey Preview,,100,6,TRUE,11/1/20 21:33,R_1DHeSiRxEDC2qaF,,,,,33.09280396,-96.645401,preview,EN,,,,,,,,,,,,,,,,,,,,,,,,,,,,,,,,,
11/1/20 22:01,11/1/20 22:02,Survey Preview,,100,6,TRUE,11/1/20 22:02,R_26objFzf48X4rJf,,,,,33.10470581,-96.09269714,preview,EN,,,,,,,,,,,,,,,,,,,,,,,,,,,,,,,,,
11/1/20 22:15,11/1/20 22:15,Survey Preview,,100,30,TRUE,11/1/20 22:15,R_2D66rR9UyYAFPJh,,,,,33.09280396,-96.645401,preview,EN,I have used Online grocery shopping before,20,Female,Master's degree,"$25,000 - $50,000",Student,,,,,,,,,,,,,,,,,,,,,,,,,,,
11/1/20 22:15,11/1/20 22:15,Survey Preview,,100,9,TRUE,11/1/20 22:15,R_1eDxRCl2goWDBoV,,,,,33.09280396,-96.645401,preview,EN,I have not used Online grocery shopping before,,,,,,,,,,,,,,,,,,,,,,,,,,,,,,,,
11/2/20 13:20,11/2/20 13:20,Survey Preview,,100,6,TRUE,11/2/20 13:20,R_UFUUieaoVdCoCrf,,,,,32.92469788,-96.89170074,preview,EN,I have not used Online grocery shopping before,,,,,,,,,,,,,,,,,,,,,,,,,,,,,,,,
11/2/20 20:09,11/2/20 20:10,Survey Preview,,100,71,TRUE,11/2/20 20:10,R_1MYB6dfmUZvg0Hu,,,,,32.95030212,-96.81900024,preview,EN,I have not used Online grocery shopping before,,,,,,,,,,,,,,,,,,,,,,,,,,,,,,,,
11/2/20 20:10,11/2/20 20:25,Survey Preview,,100,919,TRUE,11/2/20 20:25,R_BJJhPwy7eQMWyxX,,,,,32.95030212,-96.81900024,preview,EN,I have used Online grocery shopping before,101,Male,8,"$200,000 and above",Employed full time,Strongly agree,Strongly agree,Somewhat agree,Agree,Agree,Somewhat agree,Somewhat agree,Somewhat agree,Strongly agree,Strongly agree,Strongly agree,Strongly agree,Strongly agree,Somewhat agree,Disagree,Agree,Neither agree nor disagree,Agree,Somewhat agree,Agree,Strongly agree,Strongly agree,Neither agree nor disagree,Agree,Agree,Agree,Somewhat agree
11/3/20 10:58,11/3/20 11:01,Survey Preview,,100,182,TRUE,11/3/20 11:01,R_3GkWwzGFpc8QaXx,,,,,32.95030212,-96.81900024,preview,EN,I have used Online grocery shopping before,18,Male,Professional degree,"$200,000 and above",Employed full time,Strongly agree,Agree,Somewhat agree,Somewhat agree,Neither agree nor disagree,Strongly disagree,Agree,Strongly disagree,Neither agree nor disagree,Strongly agree,Strongly agree,Strongly agree,Agree,Somewhat disagree,Agree,Strongly agree,Neither agree nor disagree,Strongly agree,Strongly agree,Strongly agree,Strongly agree,Neither agree nor disagree,Somewhat disagree,Strongly agree,Strongly agree,Strongly agree,Strongly agree
11/3/20 11:45,11/3/20 11:47,IP Address,172.58.84.194,100,123,TRUE,11/3/20 11:47,R_1IQ159saHsNydj8,,,,,45.05459595,-93.25659943,anonymous,EN,I have not used Online grocery shopping before,,,,,,,,,,,,,,,,,,,,,,,,,,,,,,,,
11/3/20 11:47,11/3/20 11:51,IP Address,172.58.84.194,100,236,TRUE,11/3/20 11:51,R_1eJlichxe2YOpkI,,,,,45.05459595,-93.25659943,anonymous,EN,I have used Online grocery shopping before,24,Female,Master's degree,"$100,000 - $200,000",Employed part time,Agree,Agree,Agree,Agree,Agree,Agree,Agree,Agree,Agree,Agree,Agree,Agree,Agree,Agree,Agree,Agree,Agree,Agree,Agree,Agree,Agree,Agree,Agree,Agree,Agree,Agree,Agree
11/3/20 11:56,11/3/20 12:04,IP Address,97.99.31.4,100,508,TRUE,11/3/20 12:05,R_2DYOWNNUUh5l57Y,,,,,32.95030212,-96.81900024,anonymous,EN,I have used Online grocery shopping before,38,Female,Master's degree,"$50,000 - $100,000",Employed part time,Strongly agree,Strongly agree,Strongly agree,Agree,Strongly agree,Disagree,Strongly agree,Agree,Strongly agree,Strongly agree,Somewhat agree,Somewhat agree,Somewhat agree,Somewhat agree,Strongly agree,Strongly agree,Strongly agree,Strongly agree,Strongly agree,Strongly agree,Strongly agree,Strongly agree,Strongly agree,Strongly agree,Strongly agree,Strongly agree,Strongly agree
11/3/20 11:58,11/3/20 12:05,IP Address,154.118.69.45,100,414,TRUE,11/3/20 12:05,R_STTvx1IlL2sUk8N,,,,,6.447402954,3.390304565,anonymous,EN,I have used Online grocery shopping before,25,Female,4 year degree,"Less than $25,000",Employed full time,Agree,Somewhat agree,Strongly agree,Somewhat agree,Neither agree nor disagree,Disagree,Disagree,Agree,Agree,Agree,Strongly agree,Agree,Somewhat agree,Agree,Strongly agree,Somewhat disagree,Agree,Strongly agree,Disagree,Disagree,Strongly agree,Agree,Agree,Disagree,Strongly agree,Agree,Disagree
11/3/20 12:04,11/3/20 12:07,IP Address,24.28.112.158,100,205,TRUE,11/3/20 12:07,R_307wp3qKlajkOSl,,,,,32.91029358,-96.728302,anonymous,EN,I have used Online grocery shopping before,38,Male,Professional degree,"$25,000 - $50,000",Unemployed looking for work,Strongly agree,Strongly agree,Strongly agree,Agree,Agree,Agree,Somewhat agree,Agree,Strongly agree,Strongly agree,Strongly agree,Strongly agree,Agree,Strongly agree,Strongly agree,Strongly agree,Strongly agree,Agree,Agree,Neither agree nor disagree,Agree,Strongly agree,Strongly agree,Strongly agree,Strongly agree,Strongly agree,Neither agree nor disagree
11/3/20 12:07,11/3/20 12:09,IP Address,197.210.47.168,100,97,TRUE,11/3/20 12:09,R_81UDpiILM357Nip,,,,,6.447402954,3.390304565,anonymous,EN,I have used Online grocery shopping before,24,Female,4 year degree,Prefer not to say,Employed full time,Strongly agree,Neither agree nor disagree,Neither agree nor disagree,Somewhat agree,Somewhat agree,Somewhat disagree,Somewhat disagree,Somewhat agree,Somewhat disagree,Neither agree nor disagree,Strongly agree,Somewhat disagree,Disagree,Strongly agree,Somewhat agree,Strongly agree,Strongly agree,Strongly agree,Neither agree nor disagree,Strongly agree,Strongly agree,Somewhat agree,Somewhat agree,Somewhat agree,Strongly agree,Strongly agree,Neither agree nor disagree
11/3/20 12:10,11/3/20 12:10,IP Address,102.89.0.146,100,28,TRUE,11/3/20 12:10,R_2zcGx4sqWl9PDOa,,,,,6.447402954,3.390304565,anonymous,EN,I have not used Online grocery shopping before,,,,,,,,,,,,,,,,,,,,,,,,,,,,,,,,
11/3/20 12:08,11/3/20 12:13,IP Address,172.113.107.87,100,293,TRUE,11/3/20 12:13,R_xyYuWKDK6HoB7AB,,,,,33.91679382,-118.3432007,anonymous,EN,I have used Online grocery shopping before,38,Male,Master's degree,"$50,000 - $100,000",Employed full time,Strongly agree,Strongly agree,Strongly agree,Neither agree nor disagree,Somewhat disagree,Strongly agree,Strongly agree,Strongly agree,Strongly agree,Disagree,Agree,Strongly agree,Strongly agree,Strongly disagree,Strongly agree,Strongly disagree,Strongly disagree,Strongly agree,Strongly agree,Strongly agree,Strongly disagree,Strongly disagree,Strongly agree,Somewhat agree,Strongly agree,Strongly disagree,Strongly disagree
11/3/20 12:07,11/3/20 12:13,IP Address,41.217.83.154,100,371,TRUE,11/3/20 12:13,R_3MsbIY5FeAIBXBk,,,,,6.447402954,3.390304565,anonymous,EN,I have used Online grocery shopping before,27,Male,Master's degree,"Less than $25,000",Employed full time,Strongly agree,Strongly agree,Strongly agree,Strongly agree,Disagree,Neither agree nor disagree,Disagree,Strongly agree,Agree,Somewhat agree,Agree,Strongly agree,Agree,Disagree,Agree,Strongly agree,Strongly agree,Strongly agree,Strongly agree,Disagree,Disagree,Agree,Agree,Disagree,Agree,Agree,Agree
11/3/20 12:28,11/3/20 12:34,IP Address,98.200.23.250,100,334,TRUE,11/3/20 12:34,R_s6WYMHO79dsDM8p,,,,,29.74389648,-95.60669708,anonymous,EN,I have used Online grocery shopping before,35,Female,Master's degree,"Less than $25,000",Student,Agree,Agree,Agree,Neither agree nor disagree,Neither agree nor disagree,Somewhat agree,Neither agree nor disagree,Neither agree nor disagree,Somewhat agree,Agree,Agree,Neither agree nor disagree,Neither agree nor disagree,Neither agree nor disagree,Somewhat agree,Somewhat agree,Somewhat agree,Neither agree nor disagree,Neither agree nor disagree,Neither agree nor disagree,Somewhat agree,Neither agree nor disagree,Somewhat agree,Neither agree nor disagree,Neither agree nor disagree,Neither agree nor disagree,Neither agree nor disagree
11/3/20 12:36,11/3/20 12:37,IP Address,73.39.23.4,100,33,TRUE,11/3/20 12:37,R_2U4qbQEP2KDfFZ9,,,,,39.4940033,-77.46080017,anonymous,EN,I have not used Online grocery shopping before,,,,,,,,,,,,,,,,,,,,,,,,,,,,,,,,
11/3/20 14:13,11/3/20 14:20,IP Address,105.112.76.209,100,409,TRUE,11/3/20 14:20,R_24FV1DfyOzhEYSO,,,,,6.447402954,3.390304565,anonymous,EN,I have used Online grocery shopping before,27,Female,Master's degree,"Less than $25,000",Employed full time,Disagree,Disagree,Disagree,Agree,Somewhat disagree,Strongly agree,Strongly agree,Agree,Agree,Disagree,Disagree,Disagree,Disagree,Disagree,Disagree,Disagree,Disagree,Disagree,Disagree,Somewhat disagree,Disagree,Agree,Agree,Disagree,Disagree,Neither agree nor disagree,Neither agree nor disagree
11/3/20 12:32,11/3/20 14:39,IP Address,173.172.17.38,100,7644,TRUE,11/3/20 14:39,R_XoFh8UABtwHqh6p,,,,,33.10470581,-96.09269714,anonymous,EN,I have used Online grocery shopping before,30,Female,Master's degree,"$25,000 - $50,000",Student,Agree,Agree,Neither agree nor disagree,Neither agree nor disagree,Somewhat disagree,Somewhat agree,Neither agree nor disagree,Disagree,Somewhat agree,Somewhat agree,Neither agree nor disagree,Neither agree nor disagree,Somewhat disagree,Disagree,Somewhat agree,Neither agree nor disagree,Neither agree nor disagree,Somewhat agree,Somewhat agree,Somewhat agree,Agree,Somewhat agree,Somewhat agree,Agree,Neither agree nor disagree,Neither agree nor disagree,Somewhat disagree
11/3/20 16:32,11/3/20 17:11,IP Address,64.108.35.113,100,2300,TRUE,11/3/20 17:11,R_2cBqrxNuSqRSVYc,,,,,32.66090393,-97.03420258,anonymous,EN,I have used Online grocery shopping before,27,Male,4 year degree,"$50,000 - $100,000",Employed full time,Strongly agree,Strongly agree,Strongly agree,Strongly agree,Strongly disagree,Neither agree nor disagree,Neither agree nor disagree,Strongly agree,Agree,Strongly agree,Strongly agree,Strongly agree,Strongly agree,Somewhat agree,Strongly agree,Strongly agree,Disagree,Neither agree nor disagree,Somewhat agree,Strongly agree,Disagree,Somewhat agree,Somewhat agree,Strongly disagree,Neither agree nor disagree,Neither agree nor disagree,Neither agree nor disagree
11/4/20 2:23,11/4/20 2:26,IP Address,72.133.163.195,100,205,TRUE,11/4/20 2:26,R_UmVDH5gmgQEUy6R,,,,,42.60580444,-87.87619781,anonymous,EN,I have used Online grocery shopping before,43,Male,Master's degree,"Less than $25,000",Student,Strongly agree,Strongly agree,Strongly agree,Strongly agree,Strongly agree,Strongly agree,Strongly agree,Strongly agree,Strongly agree,Strongly agree,Strongly agree,Strongly agree,Strongly agree,Neither agree nor disagree,Strongly agree,Strongly agree,Strongly agree,Strongly agree,Agree,Somewhat agree,Strongly agree,Somewhat agree,Agree,Strongly agree,Somewhat agree,Somewhat agree,Strongly agree
11/4/20 9:00,11/4/20 9:05,IP Address,174.255.133.47,100,307,TRUE,11/4/20 9:05,R_1llwMYmhtts9piF,,,,,32.77870178,-96.82170105,anonymous,EN,I have used Online grocery shopping before,24,Female,Master's degree,"$25,000 - $50,000",Employed full time,Agree,Agree,Somewhat agree,Neither agree nor disagree,Neither agree nor disagree,Disagree,Somewhat agree,Disagree,Somewhat agree,Somewhat agree,Neither agree nor disagree,Disagree,Somewhat disagree,Neither agree nor disagree,Agree,Somewhat disagree,Neither agree nor disagree,Somewhat disagree,Agree,Agree,Agree,Somewhat agree,Agree,Somewhat disagree,Somewhat disagree,Agree,Somewhat agree
11/4/20 9:04,11/4/20 9:07,IP Address,150.242.172.162,100,184,TRUE,11/4/20 9:07,R_3fGK8fUFK6K0UeK,,,,,28.63270569,77.2197876,anonymous,EN,I have used Online grocery shopping before,24,Male,Professional degree,"$50,000 - $100,000",Employed full time,Agree,Agree,Agree,Disagree,Disagree,Agree,Disagree,Agree,Agree,Agree,Agree,Agree,Agree,Disagree,Agree,Agree,Agree,Disagree,Disagree,Disagree,Disagree,Agree,Agree,Agree,Disagree,Agree,Disagree
11/4/20 9:04,11/4/20 9:07,IP Address,70.121.63.14,100,180,TRUE,11/4/20 9:07,R_e5oZGLNQQi5b3fb,,,,,32.96359253,-96.74680328,anonymous,EN,I have used Online grocery shopping before,24,Male,Master's degree,"Less than $25,000",Employed full time,Strongly agree,Agree,Strongly agree,Strongly agree,Agree,Somewhat agree,Agree,Agree,Neither agree nor disagree,Agree,Strongly agree,Agree,Agree,Somewhat agree,Agree,Somewhat agree,Somewhat agree,Neither agree nor disagree,Agree,Agree,Agree,Agree,Somewhat agree,Neither agree nor disagree,Neither agree nor disagree,Strongly agree,Strongly agree
11/4/20 9:03,11/4/20 9:09,IP Address,223.229.244.190,100,355,TRUE,11/4/20 9:09,R_2vcPS0xCSViU3T8,,,,,19.07479858,72.88560486,anonymous,EN,I have used Online grocery shopping before,25,Male,2 year degree,"$25,000 - $50,000",Employed full time,Agree,Agree,Agree,Somewhat agree,Neither agree nor disagree,Agree,Somewhat agree,Agree,Agree,Somewhat agree,Somewhat agree,Somewhat agree,Agree,Somewhat agree,Somewhat agree,Agree,Somewhat agree,Somewhat agree,Somewhat agree,Somewhat agree,Somewhat disagree,Somewhat disagree,Somewhat agree,Agree,Somewhat agree,Agree,Agree
11/4/20 9:27,11/4/20 9:33,IP Address,49.32.12.145,100,315,TRUE,11/4/20 9:33,R_2zZ7vQKcDSRFP4x,,,,,19.07479858,72.88560486,anonymous,EN,I have used Online grocery shopping before,51,Male,2 year degree,Prefer not to say,Employed part time,Strongly agree,Strongly agree,Strongly agree,Neither agree nor disagree,Somewhat disagree,Somewhat agree,Strongly agree,Agree,Neither agree nor disagree,Somewhat agree,Agree,Disagree,Somewhat agree,Somewhat disagree,Strongly agree,Agree,Somewhat disagree,Strongly agree,Somewhat disagree,Somewhat disagree,Agree,Agree,Agree,Somewhat agree,Somewhat disagree,Agree,Agree
11/4/20 12:11,11/4/20 12:22,IP Address,154.118.59.181,100,610,TRUE,11/4/20 12:22,R_7P5i9BHUUylFsdj,,,,,6.447402954,3.390304565,social,EN,I have used Online grocery shopping before,26,Male,Master's degree,"$50,000 - $100,000",Employed full time,Somewhat agree,Agree,Agree,Neither agree nor disagree,Neither agree nor disagree,Neither agree nor disagree,Neither agree nor disagree,Somewhat agree,Somewhat agree,Agree,Somewhat agree,Disagree,Somewhat agree,Neither agree nor disagree,Agree,Agree,Somewhat agree,Agree,Neither agree nor disagree,Neither agree nor disagree,Agree,Neither agree nor disagree,Agree,Agree,Agree,Agree,Agree
11/4/20 14:08,11/4/20 14:16,IP Address,67.11.181.24,100,460,TRUE,11/4/20 14:16,R_1jVtU62sJ31GmNe,,,,,33.19760132,-96.61779785,anonymous,EN,I have used Online grocery shopping before,29,Female,Master's degree,"$50,000 - $100,000",Employed full time,Agree,Neither agree nor disagree,Agree,Disagree,Disagree,Somewhat agree,Agree,Neither agree nor disagree,Agree,Somewhat agree,Agree,Disagree,Disagree,Agree,Somewhat agree,Agree,Agree,Agree,Disagree,Neither agree nor disagree,Agree,Strongly agree,Agree,Agree,Disagree,Strongly agree,Strongly agree
11/4/20 16:07,11/4/20 16:10,IP Address,70.121.63.14,100,171,TRUE,11/4/20 16:10,R_2pQvipmttUInpUE,,,,,32.96359253,-96.74680328,anonymous,EN,I have used Online grocery shopping before,23,Male,2 year degree,"Less than $25,000",Student,Somewhat agree,Neither agree nor disagree,Somewhat disagree,Neither agree nor disagree,Disagree,Strongly agree,Strongly agree,Somewhat disagree,Agree,Neither agree nor disagree,Somewhat agree,Somewhat agree,Somewhat agree,Somewhat agree,Somewhat agree,Somewhat agree,Somewhat agree,Somewhat agree,Somewhat agree,Agree,Agree,Strongly agree,Somewhat disagree,Somewhat agree,Neither agree nor disagree,Somewhat agree,Disagree
11/4/20 16:10,11/4/20 16:11,IP Address,70.121.63.14,100,13,TRUE,11/4/20 16:11,R_26exGNIxcsr4pJ2,,,,,32.96359253,-96.74680328,anonymous,EN,I have not used Online grocery shopping before,,,,,,,,,,,,,,,,,,,,,,,,,,,,,,,,
11/4/20 21:13,11/4/20 21:18,IP Address,70.122.211.90,100,313,TRUE,11/4/20 21:18,R_1hSxtGv0kZjgRBH,,,,,33.1177063,-96.67910004,anonymous,EN,I have used Online grocery shopping before,42,Male,Master's degree,"$200,000 and above",Employed full time,Strongly agree,Somewhat agree,Strongly agree,Disagree,Disagree,Neither agree nor disagree,Disagree,Disagree,Somewhat agree,Strongly agree,Agree,Somewhat agree,Neither agree nor disagree,Somewhat agree,Agree,Disagree,Somewhat disagree,Somewhat agree,Somewhat agree,Somewhat disagree,Neither agree nor disagree,Neither agree nor disagree,Somewhat agree,Disagree,Somewhat disagree,Agree,Agree
11/4/20 21:48,11/4/20 23:09,IP Address,76.186.120.77,100,4885,TRUE,11/4/20 23:09,R_2OVDLjog9DbkWTG,,,,,33.03259277,-96.7858963,anonymous,EN,I have used Online grocery shopping before,42,Male,Master's degree,"$100,000 - $200,000",Employed full time,Strongly agree,Strongly agree,Strongly agree,Agree,Somewhat agree,Somewhat agree,Somewhat agree,Somewhat agree,Somewhat agree,Strongly agree,Strongly agree,Strongly agree,Strongly agree,Somewhat agree,Strongly agree,Agree,Agree,Strongly agree,Neither agree nor disagree,Somewhat agree,Strongly agree,Agree,Agree,Agree,Strongly agree,Strongly agree,Strongly agree
11/5/20 1:36,11/5/20 1:39,IP Address,197.211.53.130,100,164,TRUE,11/5/20 1:39,R_25SmCsxIsIRrhc2,,,,,10,8,anonymous,EN,I have not used Online grocery shopping before,,,,,,,,,,,,,,,,,,,,,,,,,,,,,,,,
11/5/20 2:33,11/5/20 2:36,IP Address,105.112.112.55,100,140,TRUE,11/5/20 2:36,R_22M4nS8jA2Jjc5U,,,,,9.083297729,7.533294678,anonymous,EN,I have not used Online grocery shopping before,,,,,,,,,,,,,,,,,,,,,,,,,,,,,,,,
11/5/20 3:45,11/5/20 3:46,IP Address,105.112.117.187,100,41,TRUE,11/5/20 3:46,R_25z0lBZGv2OJ0KB,,,,,9.083297729,7.533294678,anonymous,EN,I have not used Online grocery shopping before,,,,,,,,,,,,,,,,,,,,,,,,,,,,,,,,
11/5/20 6:17,11/5/20 6:18,IP Address,105.112.45.186,100,62,TRUE,11/5/20 6:18,R_2VsALFCgvZyu3nU,,,,,6.447402954,3.390304565,anonymous,EN,I have not used Online grocery shopping before,,,,,,,,,,,,,,,,,,,,,,,,,,,,,,,,
11/5/20 9:59,11/5/20 10:05,IP Address,105.112.125.204,100,359,TRUE,11/5/20 10:05,R_3Huxo9MsMwvxduG,,,,,9.180496216,7.17930603,anonymous,EN,I have used Online grocery shopping before,40,Male,4 year degree,"Less than $25,000",Employed full time,Somewhat agree,Somewhat agree,Agree,Disagree,Agree,Strongly agree,Agree,Agree,Agree,Agree,Agree,Agree,Agree,Agree,Somewhat agree,Agree,Somewhat agree,Agree,Agree,Agree,Agree,Agree,Agree,Agree,Agree,Agree,Agree
11/5/20 21:52,11/5/20 21:53,IP Address,75.28.17.188,100,41,TRUE,11/5/20 21:53,R_27g6ldw1Mm50pQ2,,,,,33.19760132,-96.61779785,anonymous,EN,I have not used Online grocery shopping before,,,,,,,,,,,,,,,,,,,,,,,,,,,,,,,,
11/5/20 21:53,11/5/20 21:59,IP Address,75.28.17.188,100,335,TRUE,11/5/20 21:59,R_1nVhsl7wgPzPcnI,,,,,33.19760132,-96.61779785,anonymous,EN,I have used Online grocery shopping before,43,Male,Master's degree,"$50,000 - $100,000",Student,Somewhat agree,Agree,Neither agree nor disagree,Agree,Agree,Agree,Agree,Neither agree nor disagree,Strongly agree,Agree,Agree,Somewhat agree,Agree,Somewhat agree,Strongly agree,Strongly agree,Strongly agree,Strongly agree,Neither agree nor disagree,Neither agree nor disagree,Strongly agree,Neither agree nor disagree,Strongly agree,Somewhat agree,Somewhat agree,Neither agree nor disagree,Somewhat agree
11/5/20 22:49,11/5/20 22:50,IP Address,99.28.103.120,100,30,TRUE,11/5/20 22:50,R_2rqp55gvRWmWl10,,,,,36.28619385,-95.8227005,anonymous,EN,I have not used Online grocery shopping before,,,,,,,,,,,,,,,,,,,,,,,,,,,,,,,,
11/6/20 4:46,11/6/20 4:50,IP Address,105.112.72.127,100,241,TRUE,11/6/20 4:50,R_1MQeH3HHJH9rlR6,,,,,6.447402954,3.390304565,anonymous,EN,I have not used Online grocery shopping before,,,,,,,,,,,,,,,,,,,,,,,,,,,,,,,,
11/6/20 11:43,11/6/20 11:50,IP Address,72.182.167.63,100,408,TRUE,11/6/20 11:50,R_SHu8CFYGq617lap,,,,,32.66090393,-97.03420258,anonymous,EN,I have used Online grocery shopping before,37,Male,Master's degree,"$50,000 - $100,000",Employed full time,Neither agree nor disagree,Agree,Strongly agree,Agree,Somewhat agree,Somewhat agree,Agree,Agree,Agree,Neither agree nor disagree,Somewhat agree,Neither agree nor disagree,Neither agree nor disagree,Neither agree nor disagree,Agree,Neither agree nor disagree,Somewhat agree,Somewhat agree,Neither agree nor disagree,Agree,Agree,Agree,Agree,Neither agree nor disagree,Neither agree nor disagree,Agree,Neither agree nor disagree
11/6/20 16:49,11/6/20 16:54,IP Address,69.105.145.145,100,331,TRUE,11/6/20 16:54,R_1inFUImUug8kDpB,,,,,33.19760132,-96.61779785,anonymous,EN,I have used Online grocery shopping before,40,Female,Master's degree,"$100,000 - $200,000",Employed full time,Strongly agree,Strongly agree,Strongly agree,Disagree,Disagree,Agree,Agree,Somewhat agree,Strongly agree,Neither agree nor disagree,Neither agree nor disagree,Somewhat disagree,Agree,Disagree,Somewhat agree,Somewhat agree,Somewhat agree,Somewhat agree,Agree,Strongly agree,Strongly agree,Agree,Somewhat agree,Disagree,Agree,Strongly agree,Strongly agree
11/7/20 4:49,11/7/20 4:55,IP Address,47.187.110.18,100,348,TRUE,11/7/20 4:55,R_3kMKJvk7fCTgPZZ,,,,,32.96099854,-96.98410034,anonymous,EN,I have used Online grocery shopping before,45,Male,4 year degree,"$50,000 - $100,000",Employed part time,Agree,Agree,Agree,Somewhat agree,Somewhat disagree,Somewhat agree,Agree,Agree,Agree,Somewhat agree,Somewhat agree,Somewhat agree,Agree,Neither agree nor disagree,Agree,Somewhat agree,Somewhat agree,Somewhat agree,Somewhat agree,Somewhat agree,Agree,Somewhat agree,Agree,Agree,Agree,Agree,Agree
11/8/20 15:22,11/8/20 15:23,IP Address,67.10.70.186,100,31,TRUE,11/8/20 15:23,R_3GAL7bHDItmbh4b,,,,,33.03909302,-97.07640076,anonymous,EN,I have not used Online grocery shopping before,,,,,,,,,,,,,,,,,,,,,,,,,,,,,,,,
11/8/20 18:55,11/8/20 18:55,IP Address,75.28.17.188,100,10,TRUE,11/8/20 18:55,R_UH1GWXzYHjSqp8J,,,,,33.19760132,-96.61779785,anonymous,EN,I have not used Online grocery shopping before,,,,,,,,,,,,,,,,,,,,,,,,,,,,,,,,
11/8/20 18:56,11/8/20 19:01,IP Address,75.28.17.188,100,312,TRUE,11/8/20 19:01,R_VPdcwvWTlVzKO5j,,,,,33.19760132,-96.61779785,anonymous,EN,I have used Online grocery shopping before,42,Female,Master's degree,"$50,000 - $100,000",Employed full time,Somewhat agree,Somewhat agree,Somewhat agree,Somewhat agree,Somewhat agree,Strongly agree,Strongly agree,Somewhat agree,Somewhat agree,Somewhat agree,Somewhat agree,Disagree,Disagree,Somewhat agree,Somewhat agree,Somewhat agree,Somewhat agree,Somewhat agree,Somewhat agree,Somewhat agree,Somewhat agree,Somewhat agree,Somewhat agree,Somewhat agree,Neither agree nor disagree,Somewhat agree,Neither agree nor disagree
11/8/20 20:37,11/8/20 20:37,IP Address,98.6.85.146,100,35,TRUE,11/8/20 20:37,R_2QgIPzlvbLX81tH,,,,,32.82609558,-96.83450317,anonymous,EN,I have not used Online grocery shopping before,,,,,,,,,,,,,,,,,,,,,,,,,,,,,,,,
11/8/20 20:36,11/8/20 20:39,IP Address,74.65.239.206,100,163,TRUE,11/8/20 20:39,R_3JhhTUxPZZeypXd,,,,,40.57389832,-73.84100342,anonymous,EN,I have not used Online grocery shopping before,,,,,,,,,,,,,,,,,,,,,,,,,,,,,,,,
11/8/20 20:53,11/8/20 20:53,IP Address,68.14.82.233,100,46,TRUE,11/8/20 20:53,R_1PdRhFcqk7vJ0bv,,,,,41.88600159,-71.34570313,anonymous,EN,I have not used Online grocery shopping before,,,,,,,,,,,,,,,,,,,,,,,,,,,,,,,,
11/8/20 20:54,11/8/20 20:59,IP Address,68.14.82.233,100,343,TRUE,11/8/20 20:59,R_2TzYp7LspLYsy2s,,,,,41.88600159,-71.34570313,anonymous,EN,I have used Online grocery shopping before,30,Male,High school graduate,"$25,000 - $50,000",Employed full time,Strongly agree,Strongly agree,Strongly agree,Strongly agree,Agree,Agree,Agree,Strongly agree,Strongly agree,Strongly agree,Strongly agree,Agree,Agree,Agree,Agree,Agree,Agree,Agree,Agree,Agree,Agree,Agree,Agree,Agree,Agree,Agree,Agree
11/8/20 23:44,11/8/20 23:45,IP Address,174.225.136.8,100,30,TRUE,11/8/20 23:45,R_x5yqcuJLkkVlsJP,,,,,40.7256012,-74.15940094,anonymous,EN,I have not used Online grocery shopping before,,,,,,,,,,,,,,,,,,,,,,,,,,,,,,,,
11/9/20 1:36,11/9/20 1:40,IP Address,172.58.139.92,100,246,TRUE,11/9/20 1:40,R_2434PFTD3Wgxou6,,,,,41.69630432,-87.6576004,anonymous,EN,I have not used Online grocery shopping before,,,,,,,,,,,,,,,,,,,,,,,,,,,,,,,,
11/9/20 6:26,11/9/20 6:26,IP Address,70.233.175.28,100,11,TRUE,11/9/20 6:26,R_3QQx4E4aklkf8Il,,,,,30.12939453,-95.42379761,anonymous,EN,I have not used Online grocery shopping before,,,,,,,,,,,,,,,,,,,,,,,,,,,,,,,,
11/9/20 13:29,11/9/20 13:38,IP Address,172.58.187.91,100,510,TRUE,11/9/20 13:38,R_29dhPj1Zf0sT5zD,,,,,38.83149719,-77.11990356,anonymous,EN,I have used Online grocery shopping before,36,Male,Professional degree,"$50,000 - $100,000",Student,Agree,Strongly agree,Agree,Somewhat agree,Disagree,Neither agree nor disagree,Agree,Agree,Strongly agree,Agree,Agree,Strongly disagree,Neither agree nor disagree,Somewhat disagree,Agree,Somewhat agree,Neither agree nor disagree,Strongly agree,Agree,Agree,Somewhat disagree,Somewhat agree,Agree,Agree,Agree,Somewhat agree,Neither agree nor disagree
11/9/20 15:17,11/9/20 15:17,IP Address,108.202.217.236,100,33,TRUE,11/9/20 15:17,R_UuM78bJVOHs8Z9L,,,,,32.88760376,-97.21320343,anonymous,EN,I have not used Online grocery shopping before,,,,,,,,,,,,,,,,,,,,,,,,,,,,,,,,
11/9/20 15:55,11/9/20 15:58,IP Address,98.156.217.129,100,180,TRUE,11/9/20 15:58,R_1QKFyqdRIshfh8N,,,,,32.91029358,-96.728302,anonymous,EN,I have not used Online grocery shopping before,,,,,,,,,,,,,,,,,,,,,,,,,,,,,,,,
11/9/20 16:23,11/9/20 16:26,IP Address,50.122.37.194,100,186,TRUE,11/9/20 16:26,R_27dOTzb4iRoWrsF,,,,,40.74499512,-88.51650238,anonymous,EN,I have not used Online grocery shopping before,,,,,,,,,,,,,,,,,,,,,,,,,,,,,,,,
11/9/20 16:27,11/9/20 16:37,IP Address,50.122.37.194,100,630,TRUE,11/9/20 16:37,R_3iPdiEMujzQD6GM,,,,,40.74499512,-88.51650238,anonymous,EN,I have used Online grocery shopping before,41,Male,Master's degree,"Less than $25,000",Student,Strongly disagree,Strongly agree,Agree,Agree,Strongly disagree,Strongly agree,Strongly agree,Strongly agree,Strongly agree,Strongly disagree,Strongly agree,Strongly disagree,Strongly disagree,Strongly disagree,Strongly agree,Somewhat agree,Somewhat agree,Somewhat agree,Strongly disagree,Disagree,Agree,Strongly agree,Strongly agree,Strongly disagree,Strongly disagree,Disagree,Strongly disagree
11/9/20 16:52,11/9/20 16:52,IP Address,141.239.198.82,100,16,TRUE,11/9/20 16:52,R_4PxX5wKaKAoYdaN,,,,,21.39079285,-157.933197,anonymous,EN,I have not used Online grocery shopping before,,,,,,,,,,,,,,,,,,,,,,,,,,,,,,,,
11/9/20 17:25,11/9/20 17:31,IP Address,74.130.41.249,100,345,TRUE,11/9/20 17:31,R_2wTZ8jX7guNXokM,,,,,38.17739868,-85.52089691,anonymous,EN,I have used Online grocery shopping before,31,Female,Master's degree,"$50,000 - $100,000",Employed full time,Strongly agree,Strongly agree,Strongly agree,Disagree,Disagree,Disagree,Strongly disagree,Strongly disagree,Strongly disagree,Strongly agree,Strongly agree,Neither agree nor disagree,Neither agree nor disagree,Somewhat disagree,Somewhat agree,Somewhat agree,Somewhat agree,Agree,Disagree,Disagree,Somewhat agree,Disagree,Neither agree nor disagree,Disagree,Neither agree nor disagree,Neither agree nor disagree,Somewhat disagree
11/9/20 17:32,11/9/20 17:32,IP Address,72.180.18.133,100,19,TRUE,11/9/20 17:32,R_278nuLltsR7UVi4,,,,,33.01759338,-96.99259949,anonymous,EN,I have not used Online grocery shopping before,,,,,,,,,,,,,,,,,,,,,,,,,,,,,,,,
11/9/20 17:32,11/9/20 17:32,Spam,72.180.18.133,100,17,TRUE,11/9/20 17:32,R_3pbEJ8IpkjDS5If,,,,,33.01759338,-96.99259949,anonymous,EN,I have not used Online grocery shopping before,,,,,,,,,,,,,,,,,,,,,,,,,,,,,,,,
11/9/20 17:02,11/9/20 17:53,IP Address,172.58.236.51,100,3068,TRUE,11/9/20 17:53,R_2fpS9HSoOeamTLU,,,,,40.76409912,-74.16539764,anonymous,EN,I have used Online grocery shopping before,37,Female,Master's degree,"$25,000 - $50,000",Employed part time,Agree,Somewhat agree,Strongly agree,Disagree,Disagree,Disagree,Disagree,Strongly agree,Strongly agree,Strongly agree,Agree,Disagree,Disagree,Disagree,Neither agree nor disagree,Neither agree nor disagree,Agree,Agree,Neither agree nor disagree,Neither agree nor disagree,Agree,Agree,Agree,Neither agree nor disagree,Somewhat agree,Somewhat agree,Neither agree nor disagree
11/9/20 15:59,11/9/20 18:24,IP Address,98.156.217.129,100,8728,TRUE,11/9/20 18:24,R_1pnyNw8WuIkVulF,,,,,32.91029358,-96.728302,anonymous,EN,I have used Online grocery shopping before,36,Female,Master's degree,"Less than $25,000",Unemployed not looking for work,Agree,Strongly agree,Agree,Somewhat agree,Neither agree nor disagree,Disagree,Disagree,Strongly agree,Strongly agree,Strongly agree,Strongly agree,Agree,Somewhat agree,Agree,Agree,Strongly agree,Strongly agree,Strongly agree,Strongly agree,Strongly agree,Strongly agree,Disagree,Agree,Strongly agree,Strongly agree,Strongly agree,Strongly agree
11/9/20 22:40,11/9/20 22:45,IP Address,66.68.199.57,100,319,TRUE,11/9/20 22:45,R_3LaGZ3SYdttEiNz,,,,,33.18539429,-96.13040161,anonymous,EN,I have used Online grocery shopping before,26,Female,Master's degree,"Less than $25,000",Student,Neither agree nor disagree,Neither agree nor disagree,Somewhat agree,Disagree,Neither agree nor disagree,Neither agree nor disagree,Neither agree nor disagree,Strongly agree,Strongly agree,Neither agree nor disagree,Neither agree nor disagree,Disagree,Disagree,Somewhat disagree,Neither agree nor disagree,Somewhat agree,Agree,Neither agree nor disagree,Agree,Agree,Agree,Agree,Neither agree nor disagree,Neither agree nor disagree,Neither agree nor disagree,Somewhat agree,Agree
11/9/20 23:26,11/9/20 23:26,IP Address,24.160.30.161,100,37,TRUE,11/9/20 23:26,R_1mxcHIw64P6iIM3,,,,,26.16499329,-97.98919678,anonymous,EN,I have not used Online grocery shopping before,,,,,,,,,,,,,,,,,,,,,,,,,,,,,,,,
11/9/20 23:17,11/9/20 23:44,IP Address,23.120.213.252,100,1630,TRUE,11/9/20 23:44,R_OCeksmRqsZwbNf3,,,,,32.85479736,-97.08190155,anonymous,EN,I have used Online grocery shopping before,28,Male,Master's degree,"$25,000 - $50,000",Unemployed looking for work,Somewhat agree,Disagree,Somewhat agree,Somewhat disagree,Disagree,Somewhat agree,Somewhat disagree,Disagree,Disagree,Somewhat agree,Somewhat agree,Disagree,Disagree,Disagree,Neither agree nor disagree,Somewhat agree,Somewhat disagree,Somewhat agree,Disagree,Disagree,Somewhat agree,Somewhat agree,Somewhat disagree,Somewhat disagree,Somewhat disagree,Disagree,Disagree
11/10/20 5:43,11/10/20 6:02,IP Address,47.42.104.36,100,1110,TRUE,11/10/20 6:02,R_AAiMRcLLECcJooF,,,,,32.94749451,-96.44069672,anonymous,EN,I have used Online grocery shopping before,40,Female,Master's degree,"$100,000 - $200,000",Employed part time,Strongly agree,Strongly agree,Strongly agree,Somewhat agree,Somewhat agree,Neither agree nor disagree,Neither agree nor disagree,Strongly agree,Strongly agree,Somewhat agree,Agree,Strongly disagree,Agree,Somewhat disagree,Somewhat agree,Agree,Strongly agree,Strongly agree,Strongly agree,Agree,Somewhat agree,Neither agree nor disagree,Neither agree nor disagree,Neither agree nor disagree,Neither agree nor disagree,Somewhat disagree,Neither agree nor disagree
11/10/20 6:50,11/10/20 6:52,IP Address,73.46.185.210,100,117,TRUE,11/10/20 6:52,R_1gTT47JkKMECRx0,,,,,25.7592926,-80.35510254,anonymous,EN,I have not used Online grocery shopping before,,,,,,,,,,,,,,,,,,,,,,,,,,,,,,,,
11/10/20 6:52,11/10/20 6:52,Spam,73.46.185.210,100,35,TRUE,11/10/20 6:52,R_yykDDBkoA6osptD,,,,,25.7592926,-80.35510254,anonymous,EN,I have not used Online grocery shopping before,,,,,,,,,,,,,,,,,,,,,,,,,,,,,,,,
11/10/20 7:26,11/10/20 7:27,IP Address,23.227.143.82,100,72,TRUE,11/10/20 7:27,R_1r3tMVe9N5FIi8P,,,,,40.55110168,-74.46060181,anonymous,EN,I have not used Online grocery shopping before,,,,,,,,,,,,,,,,,,,,,,,,,,,,,,,,
11/10/20 7:30,11/10/20 7:35,IP Address,207.70.183.91,100,316,TRUE,11/10/20 7:35,R_1rO1eyiE7gnpndY,,,,,30.32170105,-95.52850342,anonymous,EN,I have used Online grocery shopping before,30,Female,4 year degree,"$50,000 - $100,000",Employed full time,Somewhat agree,Somewhat agree,Somewhat disagree,Neither agree nor disagree,Disagree,Somewhat agree,Neither agree nor disagree,Somewhat agree,Somewhat agree,Somewhat agree,Neither agree nor disagree,Strongly disagree,Strongly disagree,Strongly disagree,Strongly disagree,Disagree,Strongly disagree,Disagree,Strongly disagree,Strongly disagree,Disagree,Somewhat agree,Neither agree nor disagree,Neither agree nor disagree,Disagree,Disagree,Somewhat disagree
11/10/20 7:52,11/10/20 7:52,IP Address,76.31.18.46,100,19,TRUE,11/10/20 7:52,R_2pXqhOEjmNsJe9B,,,,,29.83230591,-95.73600006,anonymous,EN,I have not used Online grocery shopping before,,,,,,,,,,,,,,,,,,,,,,,,,,,,,,,,
11/10/20 7:40,11/10/20 7:56,IP Address,98.156.147.2,100,987,TRUE,11/10/20 7:56,R_3JKf68K27FwLlZL,,,,,32.9992981,-96.83460236,anonymous,EN,I have used Online grocery shopping before,25,Female,4 year degree,"Less than $25,000",Student,Agree,Agree,Strongly agree,Disagree,Disagree,Agree,Somewhat agree,Agree,Strongly agree,Agree,Agree,Disagree,Somewhat disagree,Disagree,Agree,Agree,Agree,Agree,Agree,Agree,Agree,Agree,Disagree,Agree,Disagree,Agree,Somewhat agree
11/10/20 8:11,11/10/20 8:21,IP Address,107.77.203.66,100,623,TRUE,11/10/20 8:21,R_2AF0r1l6u8kVnQ1,,,,,38.83050537,-77.10140228,anonymous,EN,I have used Online grocery shopping before,50,Male,4 year degree,Prefer not to say,Employed full time,Agree,Agree,Agree,Agree,Disagree,Agree,Agree,Agree,Somewhat disagree,Strongly agree,Strongly agree,Strongly agree,Strongly agree,Strongly agree,Strongly agree,Somewhat disagree,Disagree,Strongly agree,Strongly agree,Agree,Somewhat agree,Somewhat agree,Somewhat agree,Somewhat agree,Somewhat agree,Somewhat agree,Agree
11/10/20 8:16,11/10/20 8:22,IP Address,72.181.202.216,100,328,TRUE,11/10/20 8:22,R_1ghcDnTge2n8Soe,,,,,32.79899597,-96.95600128,anonymous,EN,I have used Online grocery shopping before,34,Female,Master's degree,"$50,000 - $100,000",Employed full time,Strongly agree,Strongly agree,Strongly agree,Somewhat agree,Disagree,Disagree,Disagree,Disagree,Strongly agree,Strongly agree,Strongly agree,Somewhat agree,Somewhat agree,Somewhat disagree,Strongly agree,Strongly agree,Strongly agree,Strongly agree,Disagree,Disagree,Strongly agree,Strongly agree,Strongly agree,Neither agree nor disagree,Strongly agree,Strongly agree,Strongly agree
11/10/20 8:36,11/10/20 8:36,IP Address,199.96.245.164,100,19,TRUE,11/10/20 8:36,R_1nOccPRrDFyPCpH,,,,,32.51319885,-95.90720367,anonymous,EN,I have not used Online grocery shopping before,,,,,,,,,,,,,,,,,,,,,,,,,,,,,,,,
11/10/20 8:40,11/10/20 8:41,IP Address,69.159.78.54,100,54,TRUE,11/10/20 8:41,R_1mE3kCbdEAfc52E,,,,,45.35079956,-75.82330322,anonymous,EN,I have not used Online grocery shopping before,,,,,,,,,,,,,,,,,,,,,,,,,,,,,,,,
11/10/20 8:55,11/10/20 8:55,IP Address,73.46.185.210,100,9,TRUE,11/10/20 8:55,R_3Gfjv4e5pIScaPy,,,,,25.7592926,-80.35510254,anonymous,EN,I have not used Online grocery shopping before,,,,,,,,,,,,,,,,,,,,,,,,,,,,,,,,
11/10/20 9:25,11/10/20 9:31,IP Address,72.190.100.225,100,367,TRUE,11/10/20 9:31,R_1QnqlrPpnkdDPSo,,,,,32.91029358,-96.728302,anonymous,EN,I have used Online grocery shopping before,25,Female,Master's degree,"$50,000 - $100,000",Employed full time,Somewhat agree,Strongly agree,Strongly agree,Agree,Somewhat disagree,Somewhat agree,Agree,Somewhat agree,Agree,Agree,Agree,Agree,Agree,Somewhat disagree,Agree,Agree,Agree,Agree,Agree,Agree,Agree,Neither agree nor disagree,Neither agree nor disagree,Somewhat agree,Somewhat agree,Agree,Somewhat agree
11/10/20 9:26,11/10/20 9:38,IP Address,73.136.116.226,100,723,TRUE,11/10/20 9:38,R_25GvixzidrEtQvi,,,,,29.57200623,-95.54000092,anonymous,EN,I have used Online grocery shopping before,38,Female,Master's degree,"$100,000 - $200,000",Employed full time,Strongly agree,Agree,Strongly agree,Somewhat agree,Somewhat disagree,Agree,Somewhat disagree,Somewhat disagree,Disagree,Strongly agree,Strongly agree,Agree,Agree,Somewhat agree,Strongly agree,Strongly agree,Strongly agree,Strongly agree,Somewhat disagree,Disagree,Disagree,Disagree,Somewhat disagree,Somewhat disagree,Neither agree nor disagree,Somewhat disagree,Disagree
11/10/20 9:45,11/10/20 9:49,IP Address,76.184.167.228,100,232,TRUE,11/10/20 9:49,R_xbwDbnmnnl5Ez4Z,,,,,33.10470581,-96.09269714,anonymous,EN,I have used Online grocery shopping before,27,Male,Master's degree,"Less than $25,000",Employed part time,Strongly agree,Strongly agree,Somewhat agree,Agree,Disagree,Neither agree nor disagree,Agree,Agree,Strongly agree,Somewhat agree,Neither agree nor disagree,Disagree,Strongly disagree,Strongly disagree,Somewhat agree,Somewhat agree,Agree,Somewhat disagree,Disagree,Agree,Agree,Neither agree nor disagree,Somewhat disagree,Neither agree nor disagree,Neither agree nor disagree,Agree,Strongly agree
11/10/20 10:04,11/10/20 10:13,IP Address,70.120.119.72,100,553,TRUE,11/10/20 10:13,R_8v6TO1g21QeEQGl,,,,,32.96099854,-96.98410034,anonymous,EN,I have used Online grocery shopping before,29,Female,Master's degree,Prefer not to say,Student,Agree,Agree,Strongly agree,Somewhat disagree,Disagree,Somewhat agree,Somewhat disagree,Agree,Agree,Somewhat disagree,Somewhat agree,Somewhat agree,Neither agree nor disagree,Somewhat agree,Somewhat agree,Neither agree nor disagree,Neither agree nor disagree,Somewhat agree,Agree,Agree,Agree,Somewhat agree,Agree,Strongly agree,Somewhat agree,Agree,Somewhat agree
11/10/20 10:21,11/10/20 10:21,IP Address,68.232.25.51,100,20,TRUE,11/10/20 10:21,R_2U8W8Lb3EmOTq6q,,,,,33.24339294,-95.91100311,anonymous,EN,I have not used Online grocery shopping before,,,,,,,,,,,,,,,,,,,,,,,,,,,,,,,,
11/10/20 10:23,11/10/20 10:28,IP Address,47.209.212.132,100,310,TRUE,11/10/20 10:28,R_2VRb850rfJ3jvWJ,,,,,32.01620483,-102.1514969,anonymous,EN,I have used Online grocery shopping before,46,Female,4 year degree,"Less than $25,000",Employed full time,Agree,Agree,Somewhat agree,Somewhat agree,Neither agree nor disagree,Somewhat disagree,Somewhat agree,Strongly agree,Strongly agree,Strongly agree,Somewhat agree,Somewhat agree,Somewhat agree,Agree,Agree,Somewhat agree,Somewhat agree,Somewhat agree,Somewhat agree,Somewhat agree,Somewhat agree,Somewhat agree,Somewhat agree,Somewhat agree,Somewhat agree,Somewhat agree,Somewhat agree
11/10/20 10:38,11/10/20 10:44,IP Address,47.187.246.178,100,340,TRUE,11/10/20 10:44,R_V2mAjvJBfcCZ9NT,,,,,32.90390015,-96.54579926,anonymous,EN,I have used Online grocery shopping before,52,Male,4 year degree,"$100,000 - $200,000",Unemployed looking for work,Strongly agree,Agree,Somewhat agree,Agree,Agree,Strongly agree,Somewhat agree,Agree,Agree,Somewhat disagree,Strongly disagree,Disagree,Strongly disagree,Strongly disagree,Somewhat agree,Somewhat agree,Agree,Agree,Agree,Disagree,Disagree,Agree,Agree,Somewhat disagree,Disagree,Somewhat disagree,Agree
11/10/20 10:44,11/10/20 10:48,IP Address,73.137.71.38,100,267,TRUE,11/10/20 10:48,R_bsANdVJS1XsJvMt,,,,,34.20150757,-84.42220306,anonymous,EN,I have used Online grocery shopping before,37,Male,4 year degree,"$100,000 - $200,000",Employed full time,Strongly agree,Strongly agree,Agree,Neither agree nor disagree,Somewhat disagree,Neither agree nor disagree,Neither agree nor disagree,Neither agree nor disagree,Neither agree nor disagree,Strongly agree,Strongly agree,Neither agree nor disagree,Neither agree nor disagree,Agree,Agree,Strongly agree,Somewhat agree,Strongly agree,Neither agree nor disagree,Neither agree nor disagree,Somewhat agree,Neither agree nor disagree,Somewhat agree,Somewhat agree,Neither agree nor disagree,Somewhat agree,Neither agree nor disagree
11/10/20 11:50,11/10/20 11:51,IP Address,98.162.216.226,100,34,TRUE,11/10/20 11:51,R_1F9QfuSA6JUzuqa,,,,,35.62109375,-97.47570038,anonymous,EN,I have not used Online grocery shopping before,,,,,,,,,,,,,,,,,,,,,,,,,,,,,,,,
11/3/20 12:29,11/3/20 12:29,IP Address,129.205.113.245,3,20,FALSE,11/10/20 12:29,R_1fcR9p0A2Fc188n,,,,,,,anonymous,EN,,,,,,,,,,,,,,,,,,,,,,,,,,,,,,,,,
11/10/20 13:07,11/10/20 13:11,IP Address,102.89.0.49,100,219,TRUE,11/10/20 13:11,R_3R40OV7I5s3agSy,,,,,6.447402954,3.390304565,anonymous,EN,I have not used Online grocery shopping before,,,,,,,,,,,,,,,,,,,,,,,,,,,,,,,,
11/3/20 13:06,11/3/20 13:13,IP Address,172.58.62.179,20,401,FALSE,11/10/20 13:13,R_0olhyHTa4UGKrZf,,,,,,,anonymous,EN,I have used Online grocery shopping before,40,Male,Master's degree,Prefer not to say,Employed part time,,,,,,,,,,,,,,,,,,,,,,,,,,,
11/10/20 13:17,11/10/20 13:29,IP Address,98.156.217.129,100,721,TRUE,11/10/20 13:29,R_QlyhLgxQ39098gp,,,,,32.91029358,-96.728302,anonymous,EN,I have used Online grocery shopping before,43,Male,Master's degree,"$50,000 - $100,000",Employed full time,Strongly agree,Strongly agree,Strongly agree,Somewhat disagree,Disagree,Strongly agree,Strongly agree,Strongly disagree,Strongly agree,Agree,Strongly agree,Strongly agree,Strongly agree,Strongly agree,Strongly agree,Strongly agree,Strongly agree,Strongly agree,Somewhat agree,Strongly agree,Strongly agree,Strongly agree,Strongly agree,Strongly agree,Somewhat agree,Strongly agree,Strongly agree
11/3/20 13:50,11/3/20 13:51,IP Address,172.58.109.131,20,83,FALSE,11/10/20 13:51,R_1M5GFkrO75cXr5W,,,,,,,anonymous,EN,I have used Online grocery shopping before,38,Male,Master's degree,Prefer not to say,Student,,,,,,,,,,,,,,,,,,,,,,,,,,,
11/10/20 13:36,11/10/20 14:14,IP Address,50.239.216.94,100,2281,TRUE,11/10/20 14:14,R_6YvDFavKb9Dv1GF,,,,,39.9552002,-76.66529846,anonymous,EN,I have used Online grocery shopping before,54,Female,Master's degree,Prefer not to say,Retired,Somewhat agree,Somewhat agree,Agree,Strongly disagree,Disagree,Disagree,Somewhat disagree,Disagree,Agree,Agree,Agree,Strongly agree,Strongly agree,Disagree,Neither agree nor disagree,Neither agree nor disagree,Agree,Agree,Agree,Agree,Strongly agree,Neither agree nor disagree,Agree,Somewhat disagree,Agree,Agree,Neither agree nor disagree
11/10/20 15:10,11/10/20 15:16,IP Address,170.48.19.245,100,367,TRUE,11/10/20 15:16,R_3iqI1gY96Y4z51A,,,,,41.53819275,-72.80079651,anonymous,EN,I have used Online grocery shopping before,32,Female,4 year degree,"$50,000 - $100,000",Employed full time,Strongly agree,Strongly agree,Strongly agree,Strongly disagree,Disagree,Disagree,Disagree,Agree,Disagree,Agree,Strongly agree,Strongly disagree,Strongly agree,Strongly disagree,Strongly agree,Strongly disagree,Strongly disagree,Strongly disagree,Strongly disagree,Strongly disagree,Disagree,Agree,Strongly agree,Strongly disagree,Strongly disagree,Somewhat agree,Agree
11/3/20 15:57,11/3/20 15:58,IP Address,102.89.0.225,3,25,FALSE,11/10/20 15:58,R_1n7REMo6mF9IYzI,,,,,,,anonymous,EN,,,,,,,,,,,,,,,,,,,,,,,,,,,,,,,,,
11/10/20 15:58,11/10/20 15:59,IP Address,75.28.17.188,100,25,TRUE,11/10/20 15:59,R_3qkQ4wocTE2jNxB,,,,,33.19760132,-96.61779785,anonymous,EN,I have not used Online grocery shopping before,,,,,,,,,,,,,,,,,,,,,,,,,,,,,,,,
11/10/20 15:59,11/10/20 16:16,IP Address,75.28.17.188,100,1021,TRUE,11/10/20 16:16,R_21pMtaNgLfLBkP6,,,,,33.19760132,-96.61779785,anonymous,EN,I have used Online grocery shopping before,40,Female,4 year degree,"$50,000 - $100,000",Employed full time,Agree,Agree,Agree,Agree,Agree,Agree,Somewhat agree,Disagree,Strongly agree,Agree,Agree,Somewhat agree,Neither agree nor disagree,Neither agree nor disagree,Agree,Somewhat agree,Neither agree nor disagree,Somewhat agree,Somewhat disagree,Agree,Strongly agree,Somewhat agree,Agree,Somewhat agree,Somewhat agree,Somewhat agree,Agree
11/10/20 18:25,11/10/20 18:32,IP Address,72.182.208.35,100,406,TRUE,11/10/20 18:32,R_BzWWe7vVGtYEjpT,,,,,32.84890747,-96.96669769,anonymous,EN,I have used Online grocery shopping before,24,Male,4 year degree,"$25,000 - $50,000",Employed full time,Agree,Strongly agree,Neither agree nor disagree,Agree,Agree,Strongly agree,Strongly agree,Agree,Strongly agree,Neither agree nor disagree,Somewhat agree,Agree,Disagree,Somewhat disagree,Agree,Strongly agree,Strongly agree,Agree,Agree,Agree,Somewhat agree,Neither agree nor disagree,Somewhat agree,Strongly agree,Strongly agree,Agree,Agree
11/10/20 18:53,11/10/20 18:54,IP Address,70.123.110.49,100,17,TRUE,11/10/20 18:54,R_2qk2okAAxnsGael,,,,,32.83099365,-96.76920319,anonymous,EN,I have not used Online grocery shopping before,,,,,,,,,,,,,,,,,,,,,,,,,,,,,,,,
11/10/20 19:36,11/10/20 19:43,IP Address,183.83.143.60,100,410,TRUE,11/10/20 19:43,R_3GffezkLZWbYKXn,,,,,17.38400269,78.45639038,anonymous,EN,I have used Online grocery shopping before,30,Male,Master's degree,"$25,000 - $50,000",Employed part time,Strongly agree,Agree,Strongly agree,Agree,Somewhat agree,Agree,Agree,Agree,Agree,Strongly agree,Strongly agree,Agree,Agree,Somewhat agree,Strongly agree,Strongly agree,Strongly agree,Agree,Somewhat agree,Somewhat agree,Agree,Agree,Agree,Agree,Somewhat agree,Agree,Agree
11/10/20 20:17,11/10/20 20:23,IP Address,52.128.53.251,100,356,TRUE,11/10/20 20:23,R_1dH5hHW71RRBc2y,,,,,32.96580505,-97.68659973,anonymous,EN,I have used Online grocery shopping before,23,Male,4 year degree,"$50,000 - $100,000",Student,Strongly agree,Strongly agree,Strongly agree,Somewhat agree,Agree,Strongly agree,Agree,Agree,Somewhat agree,Agree,Strongly agree,Somewhat disagree,Agree,Somewhat agree,Strongly agree,Agree,Agree,Agree,Somewhat agree,Agree,Somewhat agree,Somewhat agree,Agree,Agree,Agree,Somewhat agree,Disagree
11/10/20 21:40,11/10/20 21:41,IP Address,47.187.36.227,100,34,TRUE,11/10/20 21:41,R_3HIkUrEl30VWYAr,,,,,32.84890747,-96.96669769,anonymous,EN,I have not used Online grocery shopping before,,,,,,,,,,,,,,,,,,,,,,,,,,,,,,,,
11/11/20 5:46,11/11/20 5:46,IP Address,97.99.16.83,100,7,TRUE,11/11/20 5:46,R_1GV9WqdYXjry7aX,,,,,32.95030212,-96.81900024,anonymous,EN,I have not used Online grocery shopping before,,,,,,,,,,,,,,,,,,,,,,,,,,,,,,,,
11/11/20 6:34,11/11/20 6:35,IP Address,4.17.94.147,100,42,TRUE,11/11/20 6:35,R_3kAfNC4Sw0I2BsH,,,,,29.89729309,-95.64630127,anonymous,EN,I have not used Online grocery shopping before,,,,,,,,,,,,,,,,,,,,,,,,,,,,,,,,
11/11/20 9:19,11/11/20 9:19,IP Address,50.193.164.241,100,36,TRUE,11/11/20 9:19,R_3Gf6NOXbhphAtkO,,,,,30.12229919,-81.36270142,anonymous,EN,I have not used Online grocery shopping before,,,,,,,,,,,,,,,,,,,,,,,,,,,,,,,,
11/4/20 9:04,11/4/20 9:28,IP Address,49.32.30.86,6,1420,FALSE,11/11/20 9:28,R_V4HxrKuJp4F5eiR,,,,,,,anonymous,EN,I have used Online grocery shopping before,,,,,,,,,,,,,,,,,,,,,,,,,,,,,,,,
11/11/20 11:19,11/11/20 11:20,IP Address,172.58.190.165,100,67,TRUE,11/11/20 11:20,R_2738CsYbF2F8rnT,,,,,38.84230042,-77.05930328,anonymous,EN,I have not used Online grocery shopping before,,,,,,,,,,,,,,,,,,,,,,,,,,,,,,,,
11/11/20 11:26,11/11/20 11:43,IP Address,107.77.219.234,100,1030,TRUE,11/11/20 11:43,R_1I3Ke3Djcnevs3h,,,,,29.84779358,-95.65989685,anonymous,EN,I have used Online grocery shopping before,38,Male,Master's degree,"$25,000 - $50,000",Employed part time,Strongly agree,Agree,Agree,Strongly agree,Agree,Agree,Somewhat agree,Agree,Agree,Strongly agree,Strongly agree,Strongly agree,Strongly agree,Agree,Agree,Agree,Agree,Agree,Disagree,Somewhat agree,Agree,Agree,Agree,Strongly agree,Somewhat agree,Agree,Agree
11/11/20 13:18,11/11/20 13:26,IP Address,108.48.125.148,100,472,TRUE,11/11/20 13:26,R_1pSZjgy2cpyeyI3,,,,,38.86700439,-76.81729889,anonymous,EN,I have used Online grocery shopping before,42,Female,4 year degree,"$50,000 - $100,000",Employed full time,Somewhat agree,Somewhat agree,Somewhat agree,Somewhat agree,Somewhat agree,Neither agree nor disagree,Somewhat agree,Neither agree nor disagree,Neither agree nor disagree,Somewhat agree,Somewhat disagree,Neither agree nor disagree,Somewhat disagree,Disagree,Somewhat agree,Neither agree nor disagree,Disagree,Disagree,Agree,Agree,Disagree,Somewhat agree,Somewhat agree,Disagree,Disagree,Somewhat agree,Agree
11/11/20 13:43,11/11/20 13:45,IP Address,172.58.139.219,100,81,TRUE,11/11/20 13:45,R_T60ef2yAGJjyVY5,,,,,41.69630432,-87.6576004,anonymous,EN,I have not used Online grocery shopping before,,,,,,,,,,,,,,,,,,,,,,,,,,,,,,,,
11/11/20 13:39,11/11/20 13:48,IP Address,73.128.236.90,100,537,TRUE,11/11/20 13:48,R_2AGCc8m4mEIL6QG,,,,,39.21510315,-76.7539978,anonymous,EN,I have used Online grocery shopping before,40,Male,4 year degree,"Less than $25,000",Employed part time,Strongly agree,Strongly agree,Strongly agree,Somewhat agree,Somewhat disagree,Neither agree nor disagree,Agree,Somewhat disagree,Somewhat agree,Somewhat agree,Agree,Somewhat agree,Neither agree nor disagree,Somewhat disagree,Neither agree nor disagree,Somewhat disagree,Neither agree nor disagree,Somewhat agree,Somewhat agree,Somewhat agree,Somewhat agree,Somewhat agree,Somewhat agree,Agree,Agree,Neither agree nor disagree,Neither agree nor disagree
11/11/20 13:40,11/11/20 14:20,IP Address,67.177.201.105,100,2401,TRUE,11/11/20 14:20,R_3QLf4ppre60ncDu,,,,,39.95399475,-105.0122986,anonymous,EN,I have used Online grocery shopping before,43,Male,4 year degree,"$100,000 - $200,000",Employed full time,Strongly agree,Strongly agree,Strongly agree,Agree,Neither agree nor disagree,Disagree,Somewhat agree,Neither agree nor disagree,Agree,Strongly agree,Strongly agree,Disagree,Strongly agree,Strongly disagree,Strongly agree,Strongly agree,Strongly agree,Strongly agree,Strongly agree,Strongly agree,Somewhat agree,Disagree,Agree,Strongly agree,Strongly agree,Strongly agree,Strongly agree
11/11/20 14:50,11/11/20 14:56,IP Address,76.184.160.136,100,322,TRUE,11/11/20 14:56,R_uyNQ0KCCzntrjlT,,,,,33.10470581,-96.09269714,anonymous,EN,I have used Online grocery shopping before,29,Male,Master's degree,Prefer not to say,Student,Strongly agree,Agree,Strongly agree,Neither agree nor disagree,Neither agree nor disagree,Somewhat agree,Somewhat agree,Agree,Agree,Agree,Agree,Agree,Agree,Neither agree nor disagree,Agree,Agree,Agree,Agree,Agree,Agree,Agree,Agree,Agree,Agree,Agree,Strongly agree,Agree
11/11/20 15:20,11/11/20 15:22,IP Address,76.184.160.136,100,137,TRUE,11/11/20 15:22,R_3pbbIycHt4T0Ilk,,,,,33.10470581,-96.09269714,anonymous,EN,I have not used Online grocery shopping before,,,,,,,,,,,,,,,,,,,,,,,,,,,,,,,,
11/4/20 8:53,11/4/20 15:27,IP Address,223.229.162.237,97,23649,FALSE,11/11/20 15:27,R_3nCd87qVmdEyi3P,,,,,,,anonymous,EN,I have used Online grocery shopping before,24,Male,Master's degree,"Less than $25,000",Employed full time,Strongly agree,Somewhat agree,Agree,Neither agree nor disagree,Disagree,Somewhat agree,Agree,Agree,Somewhat agree,Agree,Somewhat agree,Strongly disagree,Agree,Somewhat agree,Agree,Agree,Somewhat agree,Neither agree nor disagree,Somewhat disagree,Neither agree nor disagree,Agree,Neither agree nor disagree,Strongly agree,Agree,Agree,Agree,Agree
11/11/20 17:12,11/11/20 17:26,IP Address,129.205.124.180,100,839,TRUE,11/11/20 17:26,R_32Jbv0gUoeBjEFs,,,,,6.447402954,3.390304565,anonymous,EN,I have used Online grocery shopping before,44,Female,Master's degree,"$25,000 - $50,000",Employed part time,Strongly agree,Agree,Strongly agree,Strongly agree,Agree,Strongly agree,Agree,Agree,Somewhat agree,Strongly agree,Strongly agree,Strongly agree,Agree,Strongly agree,Strongly agree,Strongly agree,Strongly agree,Strongly agree,Somewhat agree,Somewhat agree,Strongly agree,Strongly agree,Strongly agree,Agree,Strongly agree,Agree,Strongly agree
11/4/20 21:03,11/4/20 21:03,IP Address,216.197.210.53,3,8,FALSE,11/11/20 21:03,R_2wBrlkuNalWaBBT,,,,,,,social,EN,,,,,,,,,,,,,,,,,,,,,,,,,,,,,,,,,
11/11/20 22:52,11/11/20 22:58,IP Address,70.119.135.192,100,342,TRUE,11/11/20 22:58,R_eexfuAZY7I9Fnr3,,,,,33.00360107,-96.88339996,anonymous,EN,I have used Online grocery shopping before,22,Female,Professional degree,"$25,000 - $50,000",Student,Agree,Agree,Strongly agree,Somewhat agree,Neither agree nor disagree,Somewhat agree,Neither agree nor disagree,Agree,Strongly agree,Agree,Agree,Strongly agree,Agree,Agree,Strongly agree,Somewhat agree,Agree,Agree,Agree,Agree,Strongly agree,Neither agree nor disagree,Agree,Somewhat agree,Strongly agree,Strongly agree,Agree
11/11/20 23:19,11/11/20 23:20,IP Address,70.123.105.127,100,54,TRUE,11/11/20 23:20,R_333hzJJjd31iQX3,,,,,32.83099365,-96.76920319,anonymous,EN,I have not used Online grocery shopping before,,,,,,,,,,,,,,,,,,,,,,,,,,,,,,,,
11/11/20 23:20,11/11/20 23:20,Spam,70.123.105.127,100,11,TRUE,11/11/20 23:20,R_3sjoJkz9FyBJDDZ,,,,,32.83099365,-96.76920319,anonymous,EN,I have not used Online grocery shopping before,,,,,,,,,,,,,,,,,,,,,,,,,,,,,,,,
11/12/20 3:51,11/12/20 3:53,IP Address,172.58.187.22,100,155,TRUE,11/12/20 3:53,R_tSebQhrkkBjiFfH,,,,,38.83149719,-77.11990356,anonymous,EN,I have not used Online grocery shopping before,,,,,,,,,,,,,,,,,,,,,,,,,,,,,,,,
11/12/20 0:30,11/12/20 5:49,IP Address,41.190.30.56,100,19167,TRUE,11/12/20 5:49,R_1NfFPzyQbX4glfx,,,,,6.447402954,3.390304565,anonymous,EN,I have not used Online grocery shopping before,,,,,,,,,,,,,,,,,,,,,,,,,,,,,,,,
11/12/20 7:59,11/12/20 8:02,IP Address,24.114.57.202,100,187,TRUE,11/12/20 8:02,R_2fy3pRDnRqFrHOT,,,,,43.69819641,-79.40720367,anonymous,EN,I have used Online grocery shopping before,29,Male,Master's degree,"Less than $25,000",Student,Agree,Somewhat agree,Somewhat disagree,Agree,Agree,Agree,Agree,Agree,Agree,Agree,Strongly agree,Strongly agree,Strongly agree,Agree,Strongly agree,Strongly agree,Strongly agree,Strongly agree,Strongly agree,Strongly agree,Strongly agree,Strongly agree,Strongly agree,Strongly agree,Strongly agree,Strongly agree,Strongly agree
11/12/20 13:52,11/12/20 13:56,IP Address,68.232.23.100,100,242,TRUE,11/12/20 13:56,R_3EEVxZx73PLGWJ2,,,,,33.24339294,-95.91100311,anonymous,EN,I have used Online grocery shopping before,42,Male,4 year degree,"Less than $25,000",Employed part time,Agree,Strongly agree,Strongly agree,Agree,Somewhat agree,Agree,Somewhat agree,Agree,Agree,Agree,Neither agree nor disagree,Agree,Agree,Somewhat agree,Strongly agree,Somewhat agree,Somewhat agree,Somewhat agree,Agree,Somewhat agree,Agree,Agree,Agree,Agree,Agree,Somewhat agree,Agree
11/12/20 14:27,11/12/20 14:31,IP Address,24.28.114.116,100,187,TRUE,11/12/20 14:31,R_3F2LSeIaOihnF77,,,,,32.95030212,-96.81900024,anonymous,EN,I have used Online grocery shopping before,26,Male,Doctorate,"$50,000 - $100,000",Employed part time,Strongly agree,Strongly agree,Strongly agree,Strongly agree,Strongly agree,Neither agree nor disagree,Somewhat agree,Neither agree nor disagree,Somewhat agree,Agree,Agree,Somewhat agree,Somewhat disagree,Neither agree nor disagree,Somewhat agree,Somewhat agree,Agree,Somewhat agree,Agree,Somewhat agree,Somewhat disagree,Somewhat agree,Somewhat agree,Disagree,Somewhat agree,Agree,Agree
11/12/20 14:28,11/12/20 14:31,IP Address,70.119.125.134,100,183,TRUE,11/12/20 14:31,R_bvVMNwK8auAtuoh,,,,,33.09280396,-96.645401,anonymous,EN,I have used Online grocery shopping before,23,Female,Master's degree,"$50,000 - $100,000",Employed part time,Agree,Agree,Strongly agree,Strongly agree,Somewhat disagree,Strongly agree,Agree,Somewhat agree,Neither agree nor disagree,Strongly agree,Strongly agree,Strongly agree,Strongly agree,Disagree,Strongly agree,Strongly agree,Strongly agree,Agree,Agree,Agree,Strongly agree,Agree,Strongly agree,Agree,Strongly agree,Strongly agree,Strongly agree
11/12/20 14:25,11/12/20 14:32,IP Address,70.121.71.47,100,427,TRUE,11/12/20 14:32,R_AulORyCUVUvFtS1,,,,,30.50450134,-97.82089996,anonymous,EN,I have used Online grocery shopping before,27,Female,Master's degree,"Less than $25,000",Student,Agree,Agree,Somewhat agree,Somewhat agree,Neither agree nor disagree,Somewhat agree,Somewhat agree,Agree,Agree,Agree,Agree,Agree,Strongly agree,Somewhat agree,Agree,Agree,Agree,Agree,Somewhat agree,Agree,Neither agree nor disagree,Neither agree nor disagree,Agree,Somewhat agree,Somewhat agree,Somewhat agree,Neither agree nor disagree
11/12/20 14:34,11/12/20 14:39,IP Address,172.58.111.199,100,282,TRUE,11/12/20 14:39,R_1STiLt9FkfsQylj,,,,,32.9992981,-96.83460236,anonymous,EN,I have used Online grocery shopping before,40,Male,Master's degree,"$50,000 - $100,000",Employed full time,Strongly agree,Strongly agree,Strongly agree,Strongly agree,Strongly agree,Agree,Agree,Agree,Somewhat agree,Strongly agree,Strongly agree,Strongly agree,Strongly agree,Strongly agree,Strongly agree,Agree,Strongly agree,Strongly agree,Strongly agree,Agree,Strongly agree,Strongly agree,Strongly agree,Agree,Agree,Strongly agree,Agree
11/12/20 14:35,11/12/20 14:40,IP Address,129.205.124.172,100,256,TRUE,11/12/20 14:40,R_31RuO0KUzMIGV3L,,,,,6.447402954,3.390304565,anonymous,EN,I have not used Online grocery shopping before,,,,,,,,,,,,,,,,,,,,,,,,,,,,,,,,
11/12/20 14:45,11/12/20 14:46,IP Address,47.184.151.153,100,35,TRUE,11/12/20 14:46,R_9ETYsnRuMk4j0KB,,,,,32.95219421,-96.66539764,anonymous,EN,I have not used Online grocery shopping before,,,,,,,,,,,,,,,,,,,,,,,,,,,,,,,,
11/12/20 14:46,11/12/20 14:47,Spam,47.184.151.153,100,19,TRUE,11/12/20 14:47,R_1IYHJSHNCD3qITF,,,,,32.95219421,-96.66539764,anonymous,EN,I have not used Online grocery shopping before,,,,,,,,,,,,,,,,,,,,,,,,,,,,,,,,
11/12/20 14:42,11/12/20 14:47,IP Address,129.205.124.172,100,288,TRUE,11/12/20 14:47,R_3CNQwvoAqyIMdOt,,,,,6.447402954,3.390304565,anonymous,EN,I have used Online grocery shopping before,23,Female,4 year degree,"Less than $25,000",Student,Strongly agree,Strongly agree,Strongly agree,Somewhat agree,Disagree,Strongly agree,Somewhat agree,Strongly agree,Strongly agree,Strongly agree,Agree,Strongly agree,Agree,Disagree,Agree,Strongly agree,Strongly agree,Agree,Disagree,Somewhat agree,Strongly agree,Strongly agree,Agree,Agree,Agree,Strongly agree,Disagree
11/12/20 14:51,11/12/20 14:52,IP Address,172.58.108.161,100,33,TRUE,11/12/20 14:52,R_3nNsLFUXyklByRV,,,,,32.65870667,-97.16169739,anonymous,EN,I have not used Online grocery shopping before,,,,,,,,,,,,,,,,,,,,,,,,,,,,,,,,
11/12/20 14:49,11/12/20 14:56,IP Address,68.232.19.242,100,436,TRUE,11/12/20 14:56,R_1o4MVHXHy4CY8A4,,,,,33.24339294,-95.91100311,anonymous,EN,I have used Online grocery shopping before,42,Female,Master's degree,"$50,000 - $100,000",Employed full time,Strongly agree,Strongly agree,Strongly agree,Strongly disagree,Strongly disagree,Strongly disagree,Strongly disagree,Strongly disagree,Strongly agree,Strongly agree,Strongly agree,Strongly agree,Strongly agree,Strongly disagree,Strongly agree,Disagree,Disagree,Strongly agree,Strongly agree,Strongly disagree,Strongly disagree,Disagree,Disagree,Strongly disagree,Strongly disagree,Strongly agree,Strongly agree
11/12/20 15:00,11/12/20 15:05,IP Address,173.175.65.193,100,335,TRUE,11/12/20 15:05,R_u2kLCYJ7S69MRON,,,,,32.81790161,-96.63189697,anonymous,EN,I have used Online grocery shopping before,37,Female,4 year degree,"$25,000 - $50,000",Employed full time,Somewhat agree,Strongly agree,Strongly agree,Neither agree nor disagree,Somewhat disagree,Disagree,Disagree,Disagree,Strongly agree,Disagree,Disagree,Disagree,Disagree,Disagree,Disagree,Disagree,Disagree,Strongly disagree,Disagree,Agree,Strongly agree,Strongly agree,Disagree,Disagree,Disagree,Disagree,Disagree
11/12/20 15:18,11/12/20 15:19,IP Address,47.234.204.88,100,24,TRUE,11/12/20 15:19,R_1mgxpzuWszT6qiv,,,,,33.24339294,-95.91100311,anonymous,EN,I have not used Online grocery shopping before,,,,,,,,,,,,,,,,,,,,,,,,,,,,,,,,
11/12/20 15:30,11/12/20 15:31,IP Address,105.112.50.65,100,30,TRUE,11/12/20 15:31,R_3hFQHybv0dzYai7,,,,,6.447402954,3.390304565,anonymous,EN,I have not used Online grocery shopping before,,,,,,,,,,,,,,,,,,,,,,,,,,,,,,,,
11/12/20 17:43,11/12/20 17:48,IP Address,172.58.103.42,100,294,TRUE,11/12/20 17:48,R_uzfyjyULbIkX39f,,,,,29.86140442,-95.34120178,anonymous,EN,I have used Online grocery shopping before,27,Male,Master's degree,"$100,000 - $200,000",Employed full time,Strongly agree,Strongly agree,Strongly agree,Strongly agree,Disagree,Strongly agree,Somewhat agree,Strongly agree,Strongly agree,Strongly agree,Strongly agree,Strongly agree,Strongly agree,Strongly agree,Strongly agree,Strongly agree,Strongly agree,Strongly agree,Strongly agree,Somewhat disagree,Disagree,Strongly agree,Strongly agree,Strongly agree,Strongly agree,Strongly agree,Strongly agree
11/12/20 18:12,11/12/20 18:18,IP Address,173.172.54.114,100,346,TRUE,11/12/20 18:18,R_3GjHKnrRjx7FK9q,,,,,33.10470581,-96.09269714,anonymous,EN,I have used Online grocery shopping before,24,Female,Master's degree,"Less than $25,000",Student,Strongly agree,Strongly agree,Strongly agree,Agree,Somewhat agree,Strongly agree,Agree,Somewhat agree,Agree,Somewhat agree,Somewhat agree,Disagree,Neither agree nor disagree,Agree,Strongly agree,Agree,Agree,Strongly agree,Neither agree nor disagree,Somewhat agree,Somewhat agree,Somewhat agree,Agree,Agree,Neither agree nor disagree,Somewhat agree,Neither agree nor disagree
11/12/20 20:07,11/12/20 20:12,IP Address,174.88.243.156,100,299,TRUE,11/12/20 20:12,R_aeFvwP9kripdF0B,,,,,43.60890198,-79.50019836,anonymous,EN,I have used Online grocery shopping before,24,Female,Master's degree,"$200,000 and above",Employed part time,Agree,Agree,Strongly agree,Somewhat disagree,Neither agree nor disagree,Agree,Disagree,Agree,Agree,Strongly disagree,Somewhat disagree,Strongly disagree,Disagree,Somewhat disagree,Neither agree nor disagree,Somewhat agree,Somewhat agree,Neither agree nor disagree,Somewhat disagree,Neither agree nor disagree,Strongly agree,Agree,Somewhat disagree,Somewhat agree,Neither agree nor disagree,Neither agree nor disagree,Somewhat agree
11/12/20 20:17,11/12/20 20:26,IP Address,105.112.37.250,100,512,TRUE,11/12/20 20:26,R_31j6xdpdQcDJZDj,,,,,6.447402954,3.390304565,anonymous,EN,I have used Online grocery shopping before,38,Male,Master's degree,"Less than $25,000",Employed full time,Agree,Agree,Agree,Somewhat agree,Somewhat agree,Agree,Agree,Agree,Agree,Agree,Agree,Agree,Agree,Somewhat disagree,Somewhat disagree,Agree,Agree,Agree,Somewhat agree,Somewhat agree,Agree,Agree,Somewhat disagree,Somewhat disagree,Somewhat disagree,Somewhat disagree,Somewhat disagree
11/12/20 21:39,11/12/20 21:40,IP Address,76.107.243.26,100,27,TRUE,11/12/20 21:40,R_31QKJKQpLN0rS3z,,,,,34.25149536,-88.72080231,anonymous,EN,I have not used Online grocery shopping before,,,,,,,,,,,,,,,,,,,,,,,,,,,,,,,,
11/12/20 23:05,11/12/20 23:15,IP Address,24.28.114.116,100,628,TRUE,11/12/20 23:15,R_2e5dnoQ5xpmQJVj,,,,,32.95030212,-96.81900024,anonymous,EN,I have used Online grocery shopping before,23,Female,4 year degree,"Less than $25,000",Employed part time,Somewhat agree,Agree,Agree,Disagree,Disagree,Agree,Agree,Strongly agree,Agree,Agree,Agree,Somewhat agree,Agree,Agree,Agree,Agree,Agree,Agree,Agree,Agree,Agree,Agree,Agree,Agree,Agree,Agree,Agree
11/13/20 8:42,11/13/20 8:42,IP Address,173.172.54.129,100,25,TRUE,11/13/20 8:42,R_3KuAXK5hqA3Uas4,,,,,33.10470581,-96.09269714,anonymous,EN,I have not used Online grocery shopping before,,,,,,,,,,,,,,,,,,,,,,,,,,,,,,,,
11/13/20 8:42,11/13/20 8:47,IP Address,173.172.54.129,100,297,TRUE,11/13/20 8:47,R_3JgZkKKOFFSkG4q,,,,,33.10470581,-96.09269714,anonymous,EN,I have used Online grocery shopping before,35,Male,Master's degree,"Less than $25,000",Employed part time,Strongly agree,Agree,Strongly agree,Agree,Neither agree nor disagree,Agree,Somewhat agree,Agree,Agree,Agree,Agree,Somewhat agree,Somewhat agree,Neither agree nor disagree,Agree,Agree,Agree,Agree,Agree,Agree,Agree,Strongly agree,Somewhat agree,Agree,Agree,Agree,Agree
11/11/20 16:55,11/13/20 11:23,IP Address,173.172.16.177,100,152871,TRUE,11/13/20 11:23,R_1ooNlBLgFl1fAuP,,,,,33.18539429,-96.13040161,anonymous,EN,I have used Online grocery shopping before,23,Female,4 year degree,Prefer not to say,Employed part time,Somewhat agree,Strongly agree,Somewhat agree,Agree,Agree,Agree,Agree,Somewhat agree,Agree,Agree,Somewhat agree,Agree,Agree,Agree,Agree,Somewhat agree,Somewhat agree,Somewhat agree,Neither agree nor disagree,Agree,Agree,Agree,Somewhat agree,Somewhat agree,Somewhat agree,Somewhat agree,Agree
11/13/20 12:09,11/13/20 12:14,IP Address,47.24.105.186,100,303,TRUE,11/13/20 12:14,R_1QDvbmi77qviTu1,,,,,32.90739441,-97.42569733,anonymous,EN,I have used Online grocery shopping before,41,Female,Professional degree,"$100,000 - $200,000",Employed full time,Disagree,Strongly disagree,Strongly disagree,Strongly disagree,Strongly disagree,Strongly disagree,Strongly disagree,Strongly disagree,Strongly disagree,Strongly disagree,Strongly disagree,Strongly disagree,Strongly disagree,Strongly disagree,Strongly disagree,Strongly disagree,Strongly disagree,Strongly disagree,Strongly disagree,Strongly disagree,Strongly disagree,Strongly disagree,Neither agree nor disagree,Strongly disagree,Strongly disagree,Neither agree nor disagree,Somewhat agree
11/13/20 18:54,11/13/20 18:54,IP Address,72.190.40.175,100,22,TRUE,11/13/20 18:54,R_XAk5EcENOPUqgbT,,,,,32.9992981,-96.83460236,anonymous,EN,I have not used Online grocery shopping before,,,,,,,,,,,,,,,,,,,,,,,,,,,,,,,,
11/13/20 23:42,11/13/20 23:49,IP Address,173.172.16.8,100,375,TRUE,11/13/20 23:49,R_12PWttT4ScvQjp1,,,,,33.18539429,-96.13040161,anonymous,EN,I have used Online grocery shopping before,24,Male,Master's degree,"Less than $25,000",Employed part time,Somewhat agree,Agree,Strongly agree,Agree,Somewhat disagree,Somewhat agree,Neither agree nor disagree,Agree,Somewhat agree,Neither agree nor disagree,Somewhat agree,Somewhat disagree,Somewhat agree,Somewhat agree,Neither agree nor disagree,Neither agree nor disagree,Neither agree nor disagree,Strongly disagree,Disagree,Somewhat agree,Neither agree nor disagree,Neither agree nor disagree,Neither agree nor disagree,Agree,Neither agree nor disagree,Neither agree nor disagree,Disagree
11/14/20 0:43,11/14/20 1:00,IP Address,27.57.176.155,100,972,TRUE,11/14/20 1:00,R_3egdmYbBzkx1Y2I,,,,,23.02760315,72.58709717,anonymous,EN,I have not used Online grocery shopping before,,,,,,,,,,,,,,,,,,,,,,,,,,,,,,,,
11/14/20 5:31,11/14/20 5:32,IP Address,70.123.109.96,100,18,TRUE,11/14/20 5:32,R_3P4z5KRwMq31My0,,,,,32.87559509,-96.74949646,anonymous,EN,I have not used Online grocery shopping before,,,,,,,,,,,,,,,,,,,,,,,,,,,,,,,,
11/7/20 7:01,11/7/20 7:02,IP Address,102.89.3.165,3,52,FALSE,11/14/20 7:02,R_2ccMxAL53L3a2Gd,,,,,,,anonymous,EN,,,,,,,,,,,,,,,,,,,,,,,,,,,,,,,,,
11/14/20 9:36,11/14/20 9:36,IP Address,47.234.204.88,100,25,TRUE,11/14/20 9:36,R_1OOeufWJajhPiR9,,,,,33.24339294,-95.91100311,anonymous,EN,I have not used Online grocery shopping before,,,,,,,,,,,,,,,,,,,,,,,,,,,,,,,,
11/14/20 9:49,11/14/20 9:49,IP Address,68.203.70.180,100,17,TRUE,11/14/20 9:49,R_3r1H6pFXiw3mLTt,,,,,32.89639282,-96.8635025,anonymous,EN,I have not used Online grocery shopping before,,,,,,,,,,,,,,,,,,,,,,,,,,,,,,,,
11/14/20 9:50,11/14/20 9:50,Spam,68.203.70.180,100,11,TRUE,11/14/20 9:50,R_1KoNaAb25hBtW6x,,,,,32.91029358,-96.728302,anonymous,EN,I have not used Online grocery shopping before,,,,,,,,,,,,,,,,,,,,,,,,,,,,,,,,
11/14/20 10:08,11/14/20 10:09,Spam,68.203.70.180,100,53,TRUE,11/14/20 10:09,R_DNzZzAvtF7jvmgx,,,,,32.91029358,-96.728302,anonymous,EN,I have not used Online grocery shopping before,,,,,,,,,,,,,,,,,,,,,,,,,,,,,,,,
11/14/20 10:47,11/14/20 10:59,IP Address,47.234.204.51,100,736,TRUE,11/14/20 10:59,R_2D0vmTnEqaa9Elz,,,,,33.24339294,-95.91100311,anonymous,EN,I have used Online grocery shopping before,25,Female,Master's degree,"Less than $25,000",Student,Strongly agree,Strongly agree,Strongly agree,Strongly agree,Disagree,Neither agree nor disagree,Somewhat agree,Agree,Strongly agree,Strongly agree,Somewhat disagree,Somewhat disagree,Agree,Agree,Agree,Agree,Somewhat agree,Agree,Agree,Agree,Neither agree nor disagree,Somewhat agree,Agree,Agree,Agree,Somewhat agree,Somewhat agree
11/14/20 11:27,11/14/20 11:32,IP Address,47.234.204.51,100,304,TRUE,11/14/20 11:32,R_CfycSlQge7n7A8p,,,,,33.24339294,-95.91100311,anonymous,EN,I have used Online grocery shopping before,25,Female,Master's degree,"Less than $25,000",Student,Strongly agree,Strongly agree,Strongly agree,Agree,Agree,Agree,Agree,Agree,Agree,Strongly agree,Agree,Strongly agree,Strongly agree,Strongly agree,Agree,Agree,Agree,Agree,Somewhat agree,Neither agree nor disagree,Neither agree nor disagree,Agree,Agree,Agree,Strongly agree,Strongly agree,Agree
11/14/20 14:34,11/14/20 14:38,IP Address,96.231.100.145,100,247,TRUE,11/14/20 14:38,R_3KveVNJd0f56vsX,,,,,38.45550537,-77.43260193,anonymous,EN,I have used Online grocery shopping before,36,Female,4 year degree,"$50,000 - $100,000",Employed full time,Strongly agree,Strongly agree,Strongly agree,Disagree,Disagree,Neither agree nor disagree,Somewhat agree,Agree,Strongly agree,Agree,Strongly agree,Strongly disagree,Somewhat agree,Disagree,Strongly agree,Disagree,Disagree,Agree,Neither agree nor disagree,Somewhat agree,Strongly disagree,Strongly disagree,Somewhat disagree,Neither agree nor disagree,Strongly disagree,Neither agree nor disagree,Neither agree nor disagree
11/14/20 15:01,11/14/20 15:04,IP Address,47.184.11.38,100,166,TRUE,11/14/20 15:04,R_3IaVjH2f9iimVue,,,,,33.02859497,-96.87359619,anonymous,EN,I have used Online grocery shopping before,43,Male,Professional degree,"$100,000 - $200,000",Employed full time,Strongly agree,Strongly agree,Strongly agree,Agree,Strongly agree,Neither agree nor disagree,Agree,Somewhat agree,Agree,Strongly agree,Strongly agree,Strongly agree,Somewhat disagree,Somewhat agree,Agree,Strongly agree,Strongly agree,Agree,Strongly agree,Strongly agree,Strongly agree,Agree,Agree,Strongly agree,Neither agree nor disagree,Strongly agree,Agree